"region","data.type","year","combined.value","units","variables"
"Connecticut","landings",1950,102.6,"t","lob.land.nmfs"
"Connecticut","landings",1951,141.9,"t","lob.land.nmfs"
"Connecticut","landings",1952,130.8,"t","lob.land.nmfs"
"Connecticut","landings",1953,143.7,"t","lob.land.nmfs"
"Connecticut","landings",1954,94.1,"t","lob.land.nmfs"
"Connecticut","landings",1955,102.3,"t","lob.land.nmfs"
"Connecticut","landings",1956,83,"t","lob.land.nmfs"
"Connecticut","landings",1957,83.1,"t","lob.land.nmfs"
"Connecticut","landings",1958,94.1,"t","lob.land.nmfs"
"Connecticut","landings",1959,106.9,"t","lob.land.nmfs"
"Connecticut","landings",1960,108,"t","lob.land.nmfs"
"Connecticut","landings",1961,93.7,"t","lob.land.nmfs"
"Connecticut","landings",1962,285.2,"t","lob.land.nmfs"
"Connecticut","landings",1963,213.8,"t","lob.land.nmfs"
"Connecticut","landings",1964,258.9,"t","lob.land.nmfs"
"Connecticut","landings",1965,337,"t","lob.land.nmfs"
"Connecticut","landings",1966,355.1,"t","lob.land.nmfs"
"Connecticut","landings",1967,409,"t","lob.land.nmfs"
"Connecticut","landings",1968,402.3,"t","lob.land.nmfs"
"Connecticut","landings",1969,423.1,"t","lob.land.nmfs"
"Connecticut","landings",1970,305.2,"t","lob.land.nmfs"
"Connecticut","landings",1971,237,"t","lob.land.nmfs"
"Connecticut","landings",1972,245,"t","lob.land.nmfs"
"Connecticut","landings",1973,246.5,"t","lob.land.nmfs"
"Connecticut","landings",1974,293.7,"t","lob.land.nmfs"
"Connecticut","landings",1975,269.4,"t","lob.land.nmfs"
"Connecticut","landings",1976,217.5,"t","lob.land.nmfs"
"Connecticut","landings",1977,289.6,"t","lob.land.nmfs"
"Connecticut","landings",1978,362.2,"t","lob.land.nmfs"
"Connecticut","landings",1979,366.4,"t","lob.land.nmfs"
"Connecticut","landings",1980,374.3,"t","lob.land.nmfs"
"Connecticut","landings",1981,458.5,"t","lob.land.nmfs"
"Connecticut","landings",1982,496.3,"t","lob.land.nmfs"
"Connecticut","landings",1983,841,"t","lob.land.nmfs"
"Connecticut","landings",1984,912.5,"t","lob.land.nmfs"
"Connecticut","landings",1985,760.2,"t","lob.land.nmfs"
"Connecticut","landings",1986,751.2,"t","lob.land.nmfs"
"Connecticut","landings",1987,787.3,"t","lob.land.nmfs"
"Connecticut","landings",1988,931.6,"t","lob.land.nmfs"
"Connecticut","landings",1989,951.1,"t","lob.land.nmfs"
"Connecticut","landings",1990,1200.1,"t","lob.land.nmfs"
"Connecticut","landings",1991,1212.9,"t","lob.land.nmfs"
"Connecticut","landings",1992,1106.6,"t","lob.land.nmfs"
"Connecticut","landings",1993,987.5,"t","lob.land.nmfs"
"Connecticut","landings",1994,1003.4,"t","lob.land.nmfs"
"Connecticut","landings",1995,1150.4,"t","lob.land.nmfs"
"Connecticut","landings",1996,1310.3,"t","lob.land.nmfs"
"Connecticut","landings",1997,1573.1,"t","lob.land.nmfs"
"Connecticut","landings",1998,1685.3,"t","lob.land.nmfs"
"Connecticut","landings",1999,1177.4,"t","lob.land.nmfs"
"Connecticut","landings",2000,632.1,"t","lob.land.nmfs"
"Connecticut","landings",2001,603.2,"t","lob.land.nmfs"
"Connecticut","landings",2002,484,"t","lob.land.nmfs"
"Connecticut","landings",2003,304.4,"t","lob.land.nmfs"
"Connecticut","landings",2004,293.5,"t","lob.land.nmfs"
"Connecticut","landings",2005,323.8,"t","lob.land.nmfs"
"Connecticut","landings",2006,359.7,"t","lob.land.nmfs"
"Connecticut","landings",2007,258,"t","lob.land.nmfs"
"Connecticut","landings",2008,193.4,"t","lob.land.nmfs"
"Connecticut","landings",2009,187.1,"t","lob.land.nmfs"
"Connecticut","landings",2010,200.3,"t","lob.land.nmfs"
"Connecticut","landings",2011,72.2,"t","lob.land.nmfs"
"Connecticut","landings",2012,109.5,"t","lob.land.nmfs"
"Connecticut","stockassessment",1,2,"#/tow, #","lob.abund , lob.trap"
"Connecticut","stockassessment",1981,15815,"#","lob.trap"
"Connecticut","stockassessment",1982,14831,"#","lob.trap"
"Connecticut","stockassessment",1983,19998,"#","lob.trap"
"Connecticut","stockassessment",1984,66767.9,"#/tow, #","lob.abund , lob.abund.fall.f , lob.abund.fall.m , lob.trap"
"Connecticut","stockassessment",1985,65308.725,"#/tow, #","lob.abund , lob.abund.fall.f , lob.abund.fall.m , lob.abund.spring.f , lob.abund.spring.m , lob.trap"
"Connecticut","stockassessment",1986,65877.855,"#/tow, #","lob.abund , lob.abund.fall.f , lob.abund.fall.m , lob.abund.spring.f , lob.abund.spring.m , lob.trap"
"Connecticut","stockassessment",1987,70708.325,"#/tow, #","lob.abund , lob.abund.fall.f , lob.abund.fall.m , lob.abund.spring.f , lob.abund.spring.m , lob.trap"
"Connecticut","stockassessment",1988,79185.62,"#/tow, #","lob.abund , lob.abund.fall.f , lob.abund.fall.m , lob.abund.spring.f , lob.abund.spring.m , lob.trap"
"Connecticut","stockassessment",1989,83966.72,"#/tow, #","lob.abund , lob.abund.fall.f , lob.abund.fall.m , lob.abund.spring.f , lob.abund.spring.m , lob.trap"
"Connecticut","stockassessment",1990,100450.555,"#/tow, #","lob.abund , lob.abund.fall.f , lob.abund.fall.m , lob.abund.spring.f , lob.abund.spring.m , lob.trap"
"Connecticut","stockassessment",1991,101438.365,"#/tow, #","lob.abund , lob.abund.fall.f , lob.abund.fall.m , lob.abund.spring.f , lob.abund.spring.m , lob.trap"
"Connecticut","stockassessment",1992,107818.36,"#/tow, #","lob.abund , lob.abund.fall.f , lob.abund.fall.m , lob.abund.spring.f , lob.abund.spring.m , lob.trap"
"Connecticut","stockassessment",1993,115387.875,"#/tow, #","lob.abund , lob.abund.fall.f , lob.abund.fall.m , lob.abund.spring.f , lob.abund.spring.m , lob.trap"
"Connecticut","stockassessment",1994,110934.825,"#/tow, #","lob.abund , lob.abund.fall.f , lob.abund.fall.m , lob.abund.spring.f , lob.abund.spring.m , lob.trap"
"Connecticut","stockassessment",1995,120144.73,"#/tow, #","lob.abund , lob.abund.fall.f , lob.abund.fall.m , lob.abund.spring.f , lob.abund.spring.m , lob.trap"
"Connecticut","stockassessment",1996,130508.86,"#/tow, #","lob.abund , lob.abund.fall.f , lob.abund.fall.m , lob.abund.spring.f , lob.abund.spring.m , lob.trap"
"Connecticut","stockassessment",1997,134110.485,"#/tow, #","lob.abund , lob.abund.fall.f , lob.abund.fall.m , lob.abund.spring.f , lob.abund.spring.m , lob.trap"
"Connecticut","stockassessment",1998,158786.5,"#/tow, #","lob.abund , lob.abund.fall.f , lob.abund.fall.m , lob.abund.spring.f , lob.abund.spring.m , lob.trap"
"Connecticut","stockassessment",1999,162409.19,"#/tow, #","lob.abund , lob.abund.fall.f , lob.abund.fall.m , lob.abund.spring.f , lob.abund.spring.m , lob.trap"
"Connecticut","stockassessment",2000,122555.02,"#/tow, #","lob.abund , lob.abund.fall.f , lob.abund.fall.m , lob.abund.spring.f , lob.abund.spring.m , lob.trap"
"Connecticut","stockassessment",2001,121623.76,"#/tow, #","lob.abund , lob.abund.fall.f , lob.abund.fall.m , lob.abund.spring.f , lob.abund.spring.m , lob.trap"
"Connecticut","stockassessment",2002,117792.77,"#/tow, #","lob.abund , lob.abund.fall.f , lob.abund.fall.m , lob.abund.spring.f , lob.abund.spring.m , lob.trap"
"Connecticut","stockassessment",2003,85096.9,"#/tow, #","lob.abund , lob.abund.fall.f , lob.abund.fall.m , lob.abund.spring.f , lob.abund.spring.m , lob.trap"
"Connecticut","stockassessment",2004,84103.31,"#/tow, #","lob.abund , lob.abund.fall.f , lob.abund.fall.m , lob.abund.spring.f , lob.abund.spring.m , lob.trap"
"Connecticut","stockassessment",2005,83969.25,"#/tow, #","lob.abund , lob.abund.fall.f , lob.abund.fall.m , lob.abund.spring.f , lob.abund.spring.m , lob.trap"
"Connecticut","stockassessment",2006,90437.14,"#/tow, #","lob.abund , lob.abund.fall.f , lob.abund.fall.m , lob.abund.spring.f , lob.abund.spring.m , lob.trap"
"Connecticut","stockassessment",2007,81811.56,"#/tow, #","lob.abund , lob.abund.fall.f , lob.abund.fall.m , lob.abund.spring.f , lob.abund.spring.m , lob.trap"
"Connecticut","trawlsurvey",1984,7.25,"#/tow","lob.abund.ctdep"
"Connecticut","trawlsurvey",1985,3.215,"#/tow","lob.abund.ctdep"
"Connecticut","trawlsurvey",1986,3.755,"#/tow","lob.abund.ctdep"
"Connecticut","trawlsurvey",1987,4.625,"#/tow","lob.abund.ctdep"
"Connecticut","trawlsurvey",1988,2.89,"#/tow","lob.abund.ctdep"
"Connecticut","trawlsurvey",1989,3.755,"#/tow","lob.abund.ctdep"
"Connecticut","trawlsurvey",1990,6.31,"#/tow","lob.abund.ctdep"
"Connecticut","trawlsurvey",1991,8.82,"#/tow","lob.abund.ctdep"
"Connecticut","trawlsurvey",1992,8.7,"#/tow","lob.abund.ctdep"
"Connecticut","trawlsurvey",1993,9.105,"#/tow","lob.abund.ctdep"
"Connecticut","trawlsurvey",1994,7.115,"#/tow","lob.abund.ctdep"
"Connecticut","trawlsurvey",1995,8.205,"#/tow","lob.abund.ctdep"
"Connecticut","trawlsurvey",1996,8.42,"#/tow","lob.abund.ctdep"
"Connecticut","trawlsurvey",1997,13.635,"#/tow","lob.abund.ctdep"
"Connecticut","trawlsurvey",1998,14.495,"#/tow","lob.abund.ctdep"
"Connecticut","trawlsurvey",1999,11.835,"#/tow","lob.abund.ctdep"
"Connecticut","trawlsurvey",2000,8.92,"#/tow","lob.abund.ctdep"
"Connecticut","trawlsurvey",2001,5.92,"#/tow","lob.abund.ctdep"
"Connecticut","trawlsurvey",2002,4.495,"#/tow","lob.abund.ctdep"
"Connecticut","trawlsurvey",2003,3.46,"#/tow","lob.abund.ctdep"
"Connecticut","trawlsurvey",2004,3.09,"#/tow","lob.abund.ctdep"
"Connecticut","trawlsurvey",2005,2.265,"#/tow","lob.abund.ctdep"
"Connecticut","trawlsurvey",2006,1.71,"#/tow","lob.abund.ctdep"
"Connecticut","trawlsurvey",2007,2.215,"#/tow","lob.abund.ctdep"
"Connecticut","trawlsurvey",2008,2.395,"#/tow","lob.abund.ctdep"
"Connecticut","trawlsurvey",2009,1.61,"#/tow","lob.abund.ctdep"
"Connecticut","trawlsurvey",2010,1.3,"#/tow","lob.abund.ctdep"
"Connecticut","trawlsurvey",2011,0.585,"#/tow","lob.abund.ctdep"
"Connecticut","trawlsurvey",2012,0.63,"#/tow","lob.abund.ctdep"
"Georges Bank","landings",1981,1165,"t","lob.land.state"
"Georges Bank","landings",1982,1301,"t","lob.land.state"
"Georges Bank","landings",1983,1447,"t","lob.land.state"
"Georges Bank","landings",1984,1496,"t","lob.land.state"
"Georges Bank","landings",1985,1489,"t","lob.land.state"
"Georges Bank","landings",1986,1243,"t","lob.land.state"
"Georges Bank","landings",1987,1316,"t","lob.land.state"
"Georges Bank","landings",1988,1417,"t","lob.land.state"
"Georges Bank","landings",1989,1326,"t","lob.land.state"
"Georges Bank","landings",1990,1431,"t","lob.land.state"
"Georges Bank","landings",1991,1580,"t","lob.land.state"
"Georges Bank","landings",1992,1703,"t","lob.land.state"
"Georges Bank","landings",1993,1545,"t","lob.land.state"
"Georges Bank","landings",1994,1346,"t","lob.land.state"
"Georges Bank","landings",1995,1214,"t","lob.land.state"
"Georges Bank","landings",1996,1141,"t","lob.land.state"
"Georges Bank","landings",1997,1215,"t","lob.land.state"
"Georges Bank","landings",1998,1196,"t","lob.land.state"
"Georges Bank","landings",1999,1441,"t","lob.land.state"
"Georges Bank","landings",2000,1184,"t","lob.land.state"
"Georges Bank","landings",2001,1407,"t","lob.land.state"
"Georges Bank","landings",2002,1563,"t","lob.land.state"
"Georges Bank","landings",2003,1787,"t","lob.land.state"
"Georges Bank","landings",2004,1979,"t","lob.land.state"
"Georges Bank","landings",2005,2394,"t","lob.land.state"
"Georges Bank","landings",2006,2240,"t","lob.land.state"
"Georges Bank","landings",2007,2064,"t","lob.land.state"
"Georges Bank","stockassessment",1,3,"Millions, #","lob.abund , lob.trap"
"Georges Bank","stockassessment",1982,3465647.10738062,"Millions, #/tow, kg/trap, #","lob.abund , lob.abund.rs , lob.cpue , lob.trap"
"Georges Bank","stockassessment",1983,3441292.83521818,"Millions, #/tow, kg/trap, #","lob.abund , lob.abund.rs , lob.cpue , lob.trap"
"Georges Bank","stockassessment",1984,3584580.44049298,"Millions, #/tow, kg/trap, #","lob.abund , lob.abund.rs , lob.cpue , lob.trap"
"Georges Bank","stockassessment",1985,3216973.2295196,"Millions, #/tow, kg/trap, #","lob.abund , lob.abund.rs , lob.cpue , lob.trap"
"Georges Bank","stockassessment",1986,2933344.74145413,"Millions, #/tow, kg/trap, #","lob.abund , lob.abund.rs , lob.cpue , lob.trap"
"Georges Bank","stockassessment",1987,3212187.91843826,"Millions, #/tow, kg/trap, #","lob.abund , lob.abund.rs , lob.cpue , lob.trap"
"Georges Bank","stockassessment",1988,3917349.28249845,"Millions, #/tow, kg/trap, #","lob.abund , lob.abund.rs , lob.cpue , lob.trap"
"Georges Bank","stockassessment",1989,3517557.85078888,"Millions, #/tow, kg/trap, #","lob.abund , lob.abund.rs , lob.cpue , lob.trap"
"Georges Bank","stockassessment",1990,3972951.71905754,"Millions, #/tow, kg/trap, #","lob.abund , lob.abund.rs , lob.cpue , lob.trap"
"Georges Bank","stockassessment",1991,3824427.80835803,"Millions, #/tow, kg/trap, #","lob.abund , lob.abund.rs , lob.cpue , lob.trap"
"Georges Bank","stockassessment",1992,3347889.83510859,"Millions, #/tow, kg/trap, #","lob.abund , lob.abund.rs , lob.cpue , lob.trap"
"Georges Bank","stockassessment",1993,3398557.80480613,"Millions, #/tow, kg/trap, #","lob.abund , lob.abund.rs , lob.cpue , lob.trap"
"Georges Bank","stockassessment",1994,4340744.75863495,"Millions, #/tow, kg/trap, #","lob.abund , lob.abund.rs , lob.cpue , lob.trap"
"Georges Bank","stockassessment",1995,3906327.83424748,"Millions, #/tow, kg/trap, #","lob.abund , lob.abund.rs , lob.cpue , lob.trap"
"Georges Bank","stockassessment",1996,3644775.72885812,"Millions, #/tow, kg/trap, #","lob.abund , lob.abund.rs , lob.cpue , lob.trap"
"Georges Bank","stockassessment",1997,4929264.79463074,"Millions, #/tow, kg/trap, #","lob.abund , lob.abund.rs , lob.cpue , lob.trap"
"Georges Bank","stockassessment",1998,4917634.46787972,"Millions, #/tow, kg/trap, #","lob.abund , lob.abund.rs , lob.cpue , lob.trap"
"Georges Bank","stockassessment",1999,3973052.8441575,"Millions, #/tow, kg/trap, #","lob.abund , lob.abund.rs , lob.cpue , lob.trap"
"Georges Bank","stockassessment",2000,3997294.23311019,"Millions, #/tow, kg/trap, #","lob.abund , lob.abund.rs , lob.cpue , lob.trap"
"Georges Bank","stockassessment",2001,5860334.98562625,"Millions, #/tow, kg/trap, #","lob.abund , lob.abund.rs , lob.cpue , lob.trap"
"Georges Bank","stockassessment",2002,8221481.60314389,"Millions, #/tow, kg/trap, #","lob.abund , lob.abund.rs , lob.cpue , lob.trap"
"Georges Bank","stockassessment",2003,10652388.5440566,"Millions, #/tow, kg/trap, #","lob.abund , lob.abund.rs , lob.cpue , lob.trap"
"Georges Bank","stockassessment",2004,11317022.8054,"Millions, #/tow, #","lob.abund , lob.abund.rs , lob.trap"
"Georges Bank","stockassessment",2005,10801294.78435,"Millions, #/tow, #","lob.abund , lob.abund.rs , lob.trap"
"Georges Bank","stockassessment",2006,9647095.94425,"Millions, #/tow, #","lob.abund , lob.abund.rs , lob.trap"
"Georges Bank","stockassessment",2007,7866807.99945,"Millions, #/tow, #","lob.abund , lob.abund.rs , lob.trap"
"Georges Bank","trawlsurvey",1,2,"mean #/tow","lob.abund"
"Georges Bank","trawlsurvey",1963,0,"mean kg/tow","lob.bio"
"Georges Bank","trawlsurvey",1964,0.0026,"mean kg/tow","lob.bio"
"Georges Bank","trawlsurvey",1965,0.002,"mean kg/tow","lob.bio"
"Georges Bank","trawlsurvey",1966,0.0022,"mean kg/tow","lob.bio"
"Georges Bank","trawlsurvey",1967,0.0011,"mean kg/tow","lob.bio"
"Georges Bank","trawlsurvey",1968,0.0017,"mean kg/tow","lob.bio"
"Georges Bank","trawlsurvey",1969,0.0016,"mean kg/tow","lob.bio"
"Georges Bank","trawlsurvey",1970,0.0011,"mean kg/tow","lob.bio"
"Georges Bank","trawlsurvey",1971,0.0014,"mean kg/tow","lob.bio"
"Georges Bank","trawlsurvey",1972,0.0022,"mean kg/tow","lob.bio"
"Georges Bank","trawlsurvey",1973,0.0018,"mean kg/tow","lob.bio"
"Georges Bank","trawlsurvey",1974,0.0012,"mean kg/tow","lob.bio"
"Georges Bank","trawlsurvey",1975,7e-04,"mean kg/tow","lob.bio"
"Georges Bank","trawlsurvey",1976,0.0012,"mean kg/tow","lob.bio"
"Georges Bank","trawlsurvey",1977,0.003,"mean kg/tow","lob.bio"
"Georges Bank","trawlsurvey",1978,0.0018,"mean kg/tow","lob.bio"
"Georges Bank","trawlsurvey",1979,0.0017,"mean kg/tow","lob.bio"
"Georges Bank","trawlsurvey",1980,0.0027,"mean kg/tow","lob.bio"
"Georges Bank","trawlsurvey",1981,0.0016,"mean kg/tow","lob.bio"
"Georges Bank","trawlsurvey",1982,3438040.0014,"mean #/tow, mean kg/tow","lob.abund , lob.bio"
"Georges Bank","trawlsurvey",1983,3412320.0013,"mean #/tow, mean kg/tow","lob.abund , lob.bio"
"Georges Bank","trawlsurvey",1984,3553880.001,"mean #/tow, mean kg/tow","lob.abund , lob.bio"
"Georges Bank","trawlsurvey",1985,3181980.001,"mean #/tow, mean kg/tow","lob.abund , lob.bio"
"Georges Bank","trawlsurvey",1986,2896360.0014,"mean #/tow, mean kg/tow","lob.abund , lob.bio"
"Georges Bank","trawlsurvey",1987,3172480.0012,"mean #/tow, mean kg/tow","lob.abund , lob.bio"
"Georges Bank","trawlsurvey",1988,3877580.0017,"mean #/tow, mean kg/tow","lob.abund , lob.bio"
"Georges Bank","trawlsurvey",1989,3478360.0019,"mean #/tow, mean kg/tow","lob.abund , lob.bio"
"Georges Bank","trawlsurvey",1990,3937020.0014,"mean #/tow, mean kg/tow","lob.abund , lob.bio"
"Georges Bank","trawlsurvey",1991,3787600.0018,"mean #/tow, mean kg/tow","lob.abund , lob.bio"
"Georges Bank","trawlsurvey",1992,3309100.0015,"mean #/tow, mean kg/tow","lob.abund , lob.bio"
"Georges Bank","trawlsurvey",1993,3355480.0013,"mean #/tow, mean kg/tow","lob.abund , lob.bio"
"Georges Bank","trawlsurvey",1994,4292820.0015,"mean #/tow, mean kg/tow","lob.abund , lob.bio"
"Georges Bank","trawlsurvey",1995,3861820.0019,"mean #/tow, mean kg/tow","lob.abund , lob.bio"
"Georges Bank","trawlsurvey",1996,3602740.0021,"mean #/tow, mean kg/tow","lob.abund , lob.bio"
"Georges Bank","trawlsurvey",1997,4888260.0017,"mean #/tow, mean kg/tow","lob.abund , lob.bio"
"Georges Bank","trawlsurvey",1998,4872280.002,"mean #/tow, mean kg/tow","lob.abund , lob.bio"
"Georges Bank","trawlsurvey",1999,3925080.0027,"mean #/tow, mean kg/tow","lob.abund , lob.bio"
"Georges Bank","trawlsurvey",2000,3955800.0021,"mean #/tow, mean kg/tow","lob.abund , lob.bio"
"Georges Bank","trawlsurvey",2001,5819400.0035,"mean #/tow, mean kg/tow","lob.abund , lob.bio"
"Georges Bank","trawlsurvey",2002,8174060.0046,"mean #/tow, mean kg/tow","lob.abund , lob.bio"
"Georges Bank","trawlsurvey",2003,10609520.0018,"mean #/tow, mean kg/tow","lob.abund , lob.bio"
"Georges Bank","trawlsurvey",2004,11273100.003,"mean #/tow, mean kg/tow","lob.abund , lob.bio"
"Georges Bank","trawlsurvey",2005,10760600.0025,"mean #/tow, mean kg/tow","lob.abund , lob.bio"
"Georges Bank","trawlsurvey",2006,9606920.0038,"mean #/tow, mean kg/tow","lob.abund , lob.bio"
"Georges Bank","trawlsurvey",2007,7824500.0033,"mean #/tow, mean kg/tow","lob.abund , lob.bio"
"Gulf of Maine","landings",1981,14777,"t","lob.land.state"
"Gulf of Maine","landings",1982,14669,"t","lob.land.state"
"Gulf of Maine","landings",1983,15069,"t","lob.land.state"
"Gulf of Maine","landings",1984,13797,"t","lob.land.state"
"Gulf of Maine","landings",1985,14558,"t","lob.land.state"
"Gulf of Maine","landings",1986,13816,"t","lob.land.state"
"Gulf of Maine","landings",1987,13952,"t","lob.land.state"
"Gulf of Maine","landings",1988,14696,"t","lob.land.state"
"Gulf of Maine","landings",1989,16708,"t","lob.land.state"
"Gulf of Maine","landings",1990,19245,"t","lob.land.state"
"Gulf of Maine","landings",1991,20216,"t","lob.land.state"
"Gulf of Maine","landings",1992,17738,"t","lob.land.state"
"Gulf of Maine","landings",1993,18802,"t","lob.land.state"
"Gulf of Maine","landings",1994,23655,"t","lob.land.state"
"Gulf of Maine","landings",1995,22962,"t","lob.land.state"
"Gulf of Maine","landings",1996,22122,"t","lob.land.state"
"Gulf of Maine","landings",1997,26624,"t","lob.land.state"
"Gulf of Maine","landings",1998,25769,"t","lob.land.state"
"Gulf of Maine","landings",1999,29905,"t","lob.land.state"
"Gulf of Maine","landings",2000,31797,"t","lob.land.state"
"Gulf of Maine","landings",2001,26497,"t","lob.land.state"
"Gulf of Maine","landings",2002,33800,"t","lob.land.state"
"Gulf of Maine","landings",2003,29129,"t","lob.land.state"
"Gulf of Maine","landings",2004,37021,"t","lob.land.state"
"Gulf of Maine","landings",2005,35058,"t","lob.land.state"
"Gulf of Maine","landings",2006,37297,"t","lob.land.state"
"Gulf of Maine","landings",2007,32700,"t","lob.land.state"
"Gulf of Maine","stockassessment",1,3,"Million, #","lob.abund , lob.trap"
"Gulf of Maine","stockassessment",1982,92063421.6415913,"Million, #/tow, kg/trap, #","lob.abund , lob.abund.rs , lob.cpue , lob.trap"
"Gulf of Maine","stockassessment",1983,85634048.7665674,"Million, #/tow, kg/trap, #","lob.abund , lob.abund.rs , lob.cpue , lob.trap"
"Gulf of Maine","stockassessment",1984,105249171.181049,"Million, #/tow, kg/trap, #","lob.abund , lob.abund.rs , lob.cpue , lob.trap"
"Gulf of Maine","stockassessment",1985,102438967.124853,"Million, #/tow, kg/trap, #","lob.abund , lob.abund.rs , lob.cpue , lob.trap"
"Gulf of Maine","stockassessment",1986,94155521.7507618,"Million, #/tow, kg/trap, #","lob.abund , lob.abund.rs , lob.cpue , lob.trap"
"Gulf of Maine","stockassessment",1987,92853976.3643638,"Million, #/tow, kg/trap, #","lob.abund , lob.abund.rs , lob.cpue , lob.trap"
"Gulf of Maine","stockassessment",1988,116795896.483712,"Million, #/tow, kg/trap, #","lob.abund , lob.abund.rs , lob.cpue , lob.trap"
"Gulf of Maine","stockassessment",1989,130917707.355551,"Million, #/tow, kg/trap, #","lob.abund , lob.abund.rs , lob.cpue , lob.trap"
"Gulf of Maine","stockassessment",1990,132761606.194185,"Million, #/tow, kg/trap, #","lob.abund , lob.abund.rs , lob.cpue , lob.trap"
"Gulf of Maine","stockassessment",1991,138972001.028871,"Million, #/tow, kg/trap, #","lob.abund , lob.abund.rs , lob.cpue , lob.trap"
"Gulf of Maine","stockassessment",1992,141628629.465985,"Million, #/tow, kg/trap, #","lob.abund , lob.abund.rs , lob.cpue , lob.trap"
"Gulf of Maine","stockassessment",1993,151151440.509546,"Million, #/tow, kg/trap, #","lob.abund , lob.abund.rs , lob.cpue , lob.trap"
"Gulf of Maine","stockassessment",1994,160803932.995107,"Million, #/tow, kg/trap, #","lob.abund , lob.abund.rs , lob.cpue , lob.trap"
"Gulf of Maine","stockassessment",1995,156297535.221289,"Million, #/tow, kg/trap, #","lob.abund , lob.abund.rs , lob.cpue , lob.trap"
"Gulf of Maine","stockassessment",1996,165024019.502693,"Million, #/tow, kg/trap, #","lob.abund , lob.abund.rs , lob.cpue , lob.trap"
"Gulf of Maine","stockassessment",1997,182025777.215648,"Million, #/tow, kg/trap, #","lob.abund , lob.abund.rs , lob.cpue , lob.trap"
"Gulf of Maine","stockassessment",1998,195832114.979456,"Million, #/tow, kg/trap, #","lob.abund , lob.abund.rs , lob.cpue , lob.trap"
"Gulf of Maine","stockassessment",1999,221887634.177047,"Million, #/tow, kg/trap, #","lob.abund , lob.abund.rs , lob.cpue , lob.trap"
"Gulf of Maine","stockassessment",2000,208294287.973573,"Million, #/tow, kg/trap, #","lob.abund , lob.abund.rs , lob.cpue , lob.trap"
"Gulf of Maine","stockassessment",2001,208079660.435192,"Million, #/tow, kg/trap, #","lob.abund , lob.abund.rs , lob.cpue , lob.trap"
"Gulf of Maine","stockassessment",2002,221057063.586246,"Million, #/tow, kg/trap, #","lob.abund , lob.abund.rs , lob.cpue , lob.trap"
"Gulf of Maine","stockassessment",2003,230816103.79892,"Million, #/tow, kg/trap, #","lob.abund , lob.abund.rs , lob.cpue , lob.trap"
"Gulf of Maine","stockassessment",2004,254159621,"Million, #/tow, #","lob.abund , lob.abund.rs , lob.trap"
"Gulf of Maine","stockassessment",2005,256267449.87,"Million, #/tow, #","lob.abund , lob.abund.rs , lob.trap"
"Gulf of Maine","stockassessment",2006,232884388.335,"Million, #/tow, #","lob.abund , lob.abund.rs , lob.trap"
"Gulf of Maine","stockassessment",2007,218215422.5,"Million, #/tow, #","lob.abund , lob.abund.rs , lob.trap"
"Gulf of Maine","trawlsurvey",1,2,"#/tow","lob.abund"
"Gulf of Maine","trawlsurvey",1963,0,"kg/tow","lob.bio"
"Gulf of Maine","trawlsurvey",1964,0,"kg/tow","lob.bio"
"Gulf of Maine","trawlsurvey",1965,0,"kg/tow","lob.bio"
"Gulf of Maine","trawlsurvey",1966,0,"kg/tow","lob.bio"
"Gulf of Maine","trawlsurvey",1967,0,"kg/tow","lob.bio"
"Gulf of Maine","trawlsurvey",1968,0,"kg/tow","lob.bio"
"Gulf of Maine","trawlsurvey",1969,2e-04,"kg/tow","lob.bio"
"Gulf of Maine","trawlsurvey",1970,1e-04,"kg/tow","lob.bio"
"Gulf of Maine","trawlsurvey",1971,2e-04,"kg/tow","lob.bio"
"Gulf of Maine","trawlsurvey",1972,5e-04,"kg/tow","lob.bio"
"Gulf of Maine","trawlsurvey",1973,3e-04,"kg/tow","lob.bio"
"Gulf of Maine","trawlsurvey",1974,2e-04,"kg/tow","lob.bio"
"Gulf of Maine","trawlsurvey",1975,1e-04,"kg/tow","lob.bio"
"Gulf of Maine","trawlsurvey",1976,4e-04,"kg/tow","lob.bio"
"Gulf of Maine","trawlsurvey",1977,9e-04,"kg/tow","lob.bio"
"Gulf of Maine","trawlsurvey",1978,4e-04,"kg/tow","lob.bio"
"Gulf of Maine","trawlsurvey",1979,3e-04,"kg/tow","lob.bio"
"Gulf of Maine","trawlsurvey",1980,8e-04,"kg/tow","lob.bio"
"Gulf of Maine","trawlsurvey",1981,2e-04,"kg/tow","lob.bio"
"Gulf of Maine","trawlsurvey",1982,89673000.0002,"#/tow, kg/tow","lob.abund , lob.bio"
"Gulf of Maine","trawlsurvey",1983,83034400.0006,"#/tow, kg/tow","lob.abund , lob.bio"
"Gulf of Maine","trawlsurvey",1984,102799000.0003,"#/tow, kg/tow","lob.abund , lob.bio"
"Gulf of Maine","trawlsurvey",1985,100359200.0013,"#/tow, kg/tow","lob.abund , lob.bio"
"Gulf of Maine","trawlsurvey",1986,92228800.0009,"#/tow, kg/tow","lob.abund , lob.bio"
"Gulf of Maine","trawlsurvey",1987,90588800.0005,"#/tow, kg/tow","lob.abund , lob.bio"
"Gulf of Maine","trawlsurvey",1988,114386200.0006,"#/tow, kg/tow","lob.abund , lob.bio"
"Gulf of Maine","trawlsurvey",1989,128520400.0009,"#/tow, kg/tow","lob.abund , lob.bio"
"Gulf of Maine","trawlsurvey",1990,130215600.0009,"#/tow, kg/tow","lob.abund , lob.bio"
"Gulf of Maine","trawlsurvey",1991,136527200.0015,"#/tow, kg/tow","lob.abund , lob.bio"
"Gulf of Maine","trawlsurvey",1992,139193800.0009,"#/tow, kg/tow","lob.abund , lob.bio"
"Gulf of Maine","trawlsurvey",1993,148928400.0009,"#/tow, kg/tow","lob.abund , lob.bio"
"Gulf of Maine","trawlsurvey",1994,157982200.0016,"#/tow, kg/tow","lob.abund , lob.bio"
"Gulf of Maine","trawlsurvey",1995,153271200.0015,"#/tow, kg/tow","lob.abund , lob.bio"
"Gulf of Maine","trawlsurvey",1996,162115400.0029,"#/tow, kg/tow","lob.abund , lob.bio"
"Gulf of Maine","trawlsurvey",1997,178988600.002,"#/tow, kg/tow","lob.abund , lob.bio"
"Gulf of Maine","trawlsurvey",1998,192573400.0018,"#/tow, kg/tow","lob.abund , lob.bio"
"Gulf of Maine","trawlsurvey",1999,218425600.0028,"#/tow, kg/tow","lob.abund , lob.bio"
"Gulf of Maine","trawlsurvey",2000,205091400.0018,"#/tow, kg/tow","lob.abund , lob.bio"
"Gulf of Maine","trawlsurvey",2001,204690800.0013,"#/tow, kg/tow","lob.abund , lob.bio"
"Gulf of Maine","trawlsurvey",2002,217541200.0031,"#/tow, kg/tow","lob.abund , lob.bio"
"Gulf of Maine","trawlsurvey",2003,227192600.0016,"#/tow, kg/tow","lob.abund , lob.bio"
"Gulf of Maine","trawlsurvey",2004,250532800.0023,"#/tow, kg/tow","lob.abund , lob.bio"
"Gulf of Maine","trawlsurvey",2005,252625200.0011,"#/tow, kg/tow","lob.abund , lob.bio"
"Gulf of Maine","trawlsurvey",2006,229241200.0015,"#/tow, kg/tow","lob.abund , lob.bio"
"Gulf of Maine","trawlsurvey",2007,214593600.0012,"#/tow, kg/tow","lob.abund , lob.bio"
"Massachusetts","landings",1950,1412,"t","lob.land.nmfs"
"Massachusetts","landings",1951,1686.7,"t","lob.land.nmfs"
"Massachusetts","landings",1952,1585.5,"t","lob.land.nmfs"
"Massachusetts","landings",1953,1712.6,"t","lob.land.nmfs"
"Massachusetts","landings",1954,1569,"t","lob.land.nmfs"
"Massachusetts","landings",1955,1605.6,"t","lob.land.nmfs"
"Massachusetts","landings",1956,1547.3,"t","lob.land.nmfs"
"Massachusetts","landings",1957,1511.5,"t","lob.land.nmfs"
"Massachusetts","landings",1958,1457.4,"t","lob.land.nmfs"
"Massachusetts","landings",1959,1600.5,"t","lob.land.nmfs"
"Massachusetts","landings",1960,1589.9,"t","lob.land.nmfs"
"Massachusetts","landings",1961,1498.1,"t","lob.land.nmfs"
"Massachusetts","landings",1962,1942.1,"t","lob.land.nmfs"
"Massachusetts","landings",1963,2043.8,"t","lob.land.nmfs"
"Massachusetts","landings",1964,2489.4,"t","lob.land.nmfs"
"Massachusetts","landings",1965,2884.8,"t","lob.land.nmfs"
"Massachusetts","landings",1966,2190.1,"t","lob.land.nmfs"
"Massachusetts","landings",1967,2134.5,"t","lob.land.nmfs"
"Massachusetts","landings",1968,2185.1,"t","lob.land.nmfs"
"Massachusetts","landings",1969,2252,"t","lob.land.nmfs"
"Massachusetts","landings",1970,2578.8,"t","lob.land.nmfs"
"Massachusetts","landings",1971,2787.7,"t","lob.land.nmfs"
"Massachusetts","landings",1972,3643.4,"t","lob.land.nmfs"
"Massachusetts","landings",1973,2551.2,"t","lob.land.nmfs"
"Massachusetts","landings",1974,2387.4,"t","lob.land.nmfs"
"Massachusetts","landings",1975,3054.4,"t","lob.land.nmfs"
"Massachusetts","landings",1976,2987.1,"t","lob.land.nmfs"
"Massachusetts","landings",1977,3281.8,"t","lob.land.nmfs"
"Massachusetts","landings",1978,4322.6,"t","lob.land.nmfs"
"Massachusetts","landings",1979,4333.1,"t","lob.land.nmfs"
"Massachusetts","landings",1980,4501.6,"t","lob.land.nmfs"
"Massachusetts","landings",1981,5089.6,"t","lob.land.nmfs"
"Massachusetts","landings",1982,5965.2,"t","lob.land.nmfs"
"Massachusetts","landings",1983,5634.1,"t","lob.land.nmfs"
"Massachusetts","landings",1984,6668.7,"t","lob.land.nmfs"
"Massachusetts","landings",1985,7391.4,"t","lob.land.nmfs"
"Massachusetts","landings",1986,6830.1,"t","lob.land.nmfs"
"Massachusetts","landings",1987,6856.9,"t","lob.land.nmfs"
"Massachusetts","landings",1988,7196.9,"t","lob.land.nmfs"
"Massachusetts","landings",1989,7005.5,"t","lob.land.nmfs"
"Massachusetts","landings",1990,7735.8,"t","lob.land.nmfs"
"Massachusetts","landings",1991,7497.1,"t","lob.land.nmfs"
"Massachusetts","landings",1992,7177.3,"t","lob.land.nmfs"
"Massachusetts","landings",1993,6502.8,"t","lob.land.nmfs"
"Massachusetts","landings",1994,7300.3,"t","lob.land.nmfs"
"Massachusetts","landings",1995,7146.8,"t","lob.land.nmfs"
"Massachusetts","landings",1996,6950.6,"t","lob.land.nmfs"
"Massachusetts","landings",1997,6843.5,"t","lob.land.nmfs"
"Massachusetts","landings",1998,6022.6,"t","lob.land.nmfs"
"Massachusetts","landings",1999,7046,"t","lob.land.nmfs"
"Massachusetts","landings",2000,7168.1,"t","lob.land.nmfs"
"Massachusetts","landings",2001,5503.4,"t","lob.land.nmfs"
"Massachusetts","landings",2002,5830.3,"t","lob.land.nmfs"
"Massachusetts","landings",2003,5164.2,"t","lob.land.nmfs"
"Massachusetts","landings",2004,5123.6,"t","lob.land.nmfs"
"Massachusetts","landings",2005,4481.5,"t","lob.land.nmfs"
"Massachusetts","landings",2006,5488.4,"t","lob.land.nmfs"
"Massachusetts","landings",2007,4601.6,"t","lob.land.nmfs"
"Massachusetts","landings",2008,4808.3,"t","lob.land.nmfs"
"Massachusetts","landings",2009,5344.3,"t","lob.land.nmfs"
"Massachusetts","landings",2010,5793.8,"t","lob.land.nmfs"
"Massachusetts","landings",2011,6071.8,"t","lob.land.nmfs"
"Massachusetts","landings",2012,6569.4,"t","lob.land.nmfs"
"Massachusetts","stockassessment",1,2,"#/tow, #","lob.abund , lob.trap"
"Massachusetts","stockassessment",1981,14.45,"#/tow","lob.abund"
"Massachusetts","stockassessment",1982,319110.22,"#/tow, #","lob.abund , lob.trap"
"Massachusetts","stockassessment",1983,334890.48,"#/tow, #","lob.abund , lob.trap"
"Massachusetts","stockassessment",1984,354908.36,"#/tow, #","lob.abund , lob.trap"
"Massachusetts","stockassessment",1985,404696.1,"#/tow, #","lob.abund , lob.trap"
"Massachusetts","stockassessment",1986,427831.36,"#/tow, #","lob.abund , lob.trap"
"Massachusetts","stockassessment",1987,459363.6,"#/tow, #","lob.abund , lob.trap"
"Massachusetts","stockassessment",1988,460043.16,"#/tow, #","lob.abund , lob.trap"
"Massachusetts","stockassessment",1989,453464.24,"#/tow, #","lob.abund , lob.trap"
"Massachusetts","stockassessment",1990,468430.99,"#/tow, #","lob.abund , lob.trap"
"Massachusetts","stockassessment",1991,495744.49,"#/tow, #","lob.abund , lob.trap"
"Massachusetts","stockassessment",1992,485587.61,"#/tow, #","lob.abund , lob.trap"
"Massachusetts","stockassessment",1993,476306.48,"#/tow, #","lob.abund , lob.trap"
"Massachusetts","stockassessment",1994,493052.44,"#/tow, #","lob.abund , lob.trap"
"Massachusetts","stockassessment",1995,493092.61,"#/tow, #","lob.abund , lob.trap"
"Massachusetts","stockassessment",1996,503373.2,"#/tow, #","lob.abund , lob.trap"
"Massachusetts","stockassessment",1997,501212.38,"#/tow, #","lob.abund , lob.trap"
"Massachusetts","stockassessment",1998,518449.28,"#/tow, #","lob.abund , lob.trap"
"Massachusetts","stockassessment",1999,511329.26,"#/tow, #","lob.abund , lob.trap"
"Massachusetts","stockassessment",2000,494236.9,"#/tow, #","lob.abund , lob.trap"
"Massachusetts","stockassessment",2001,481935.07,"#/tow, #","lob.abund , lob.trap"
"Massachusetts","stockassessment",2002,521198.08,"#/tow, #","lob.abund , lob.trap"
"Massachusetts","stockassessment",2003,489334.62,"#/tow, #","lob.abund , lob.trap"
"Massachusetts","stockassessment",2004,459229.2,"#/tow, #","lob.abund , lob.trap"
"Massachusetts","stockassessment",2005,432587.88,"#/tow, #","lob.abund , lob.trap"
"Massachusetts","stockassessment",2006,436481.82,"#/tow, #","lob.abund , lob.trap"
"Massachusetts","stockassessment",2007,432308.79,"#/tow, #","lob.abund , lob.trap"
"Massachusetts","trawlsurvey",1978,15.4287685,"#/tow","lob.abund.MADMF"
"Massachusetts","trawlsurvey",1979,21.2210235,"#/tow","lob.abund.MADMF"
"Massachusetts","trawlsurvey",1980,9.968556,"#/tow","lob.abund.MADMF"
"Massachusetts","trawlsurvey",1981,22.3046095,"#/tow","lob.abund.MADMF"
"Massachusetts","trawlsurvey",1982,12.1713885,"#/tow","lob.abund.MADMF"
"Massachusetts","trawlsurvey",1983,19.510727,"#/tow","lob.abund.MADMF"
"Massachusetts","trawlsurvey",1984,25.319919,"#/tow","lob.abund.MADMF"
"Massachusetts","trawlsurvey",1985,31.9277795,"#/tow","lob.abund.MADMF"
"Massachusetts","trawlsurvey",1986,12.376375,"#/tow","lob.abund.MADMF"
"Massachusetts","trawlsurvey",1987,5.481397,"#/tow","lob.abund.MADMF"
"Massachusetts","trawlsurvey",1988,39.172822,"#/tow","lob.abund.MADMF"
"Massachusetts","trawlsurvey",1989,44.63876,"#/tow","lob.abund.MADMF"
"Massachusetts","trawlsurvey",1990,104.4653,"#/tow","lob.abund.MADMF"
"Massachusetts","trawlsurvey",1991,40.222835,"#/tow","lob.abund.MADMF"
"Massachusetts","trawlsurvey",1992,40.225545,"#/tow","lob.abund.MADMF"
"Massachusetts","trawlsurvey",1993,19.152975,"#/tow","lob.abund.MADMF"
"Massachusetts","trawlsurvey",1994,64.82363,"#/tow","lob.abund.MADMF"
"Massachusetts","trawlsurvey",1995,61.2894535,"#/tow","lob.abund.MADMF"
"Massachusetts","trawlsurvey",1996,52.15035,"#/tow","lob.abund.MADMF"
"Massachusetts","trawlsurvey",1997,25.2454425,"#/tow","lob.abund.MADMF"
"Massachusetts","trawlsurvey",1998,28.6355465,"#/tow","lob.abund.MADMF"
"Massachusetts","trawlsurvey",1999,22.2960085,"#/tow","lob.abund.MADMF"
"Massachusetts","trawlsurvey",2000,28.6503085,"#/tow","lob.abund.MADMF"
"Massachusetts","trawlsurvey",2001,8.5530735,"#/tow","lob.abund.MADMF"
"Massachusetts","trawlsurvey",2002,24.00253615,"#/tow","lob.abund.MADMF"
"Massachusetts","trawlsurvey",2003,2.9464308,"#/tow","lob.abund.MADMF"
"Massachusetts","trawlsurvey",2004,6.1120012,"#/tow","lob.abund.MADMF"
"Massachusetts","trawlsurvey",2005,12.7853735,"#/tow","lob.abund.MADMF"
"Massachusetts","trawlsurvey",2006,25.77351685,"#/tow","lob.abund.MADMF"
"Newfoundland","effort",1,1,"#","lob.trap"
"Newfoundland","effort",1985,77520,"#","lob.trap"
"Newfoundland","effort",1986,77520,"#","lob.trap"
"Newfoundland","effort",1987,77520,"#","lob.trap"
"Newfoundland","effort",1988,77520,"#","lob.trap"
"Newfoundland","effort",1989,77520,"#","lob.trap"
"Newfoundland","effort",1990,177300,"#","lob.trap"
"Newfoundland","effort",1991,177300,"#","lob.trap"
"Newfoundland","effort",1992,177300,"#","lob.trap"
"Newfoundland","effort",1993,177300,"#","lob.trap"
"Newfoundland","effort",1994,177300,"#","lob.trap"
"Newfoundland","effort",1995,177300,"#","lob.trap"
"Newfoundland","effort",1996,140200,"#","lob.trap"
"Newfoundland","effort",1997,140200,"#","lob.trap"
"Newfoundland","effort",1998,140200,"#","lob.trap"
"Newfoundland","effort",1999,140200,"#","lob.trap"
"Newfoundland","effort",2000,136400,"#","lob.trap"
"Newfoundland","effort",2001,133200,"#","lob.trap"
"Newfoundland","effort",2002,132400,"#","lob.trap"
"Newfoundland","effort",2003,132400,"#","lob.trap"
"Newfoundland","effort",2004,132600,"#","lob.trap"
"Newfoundland","effort",2005,132400,"#","lob.trap"
"Newfoundland","effort",2006,132200,"#","lob.trap"
"Newfoundland","effort",2007,131800,"#","lob.trap"
"Newfoundland","effort",2008,130800,"#","lob.trap"
"Newfoundland","effort",2009,128800,"#","lob.trap"
"Newfoundland","effort",2010,129200,"#","lob.trap"
"Newfoundland","effort",2011,127600,"#","lob.trap"
"Newfoundland","effort",2012,122045,"#","lob.trap"
"Newfoundland","landings",1,1,"t","lob.land.sum"
"Newfoundland","landings",1953,141.57303,"t","lob.land.ten"
"Newfoundland","landings",1954,172.92134,"t","lob.land.ten"
"Newfoundland","landings",1955,210.33708,"t","lob.land.ten"
"Newfoundland","landings",1956,198.20224,"t","lob.land.ten"
"Newfoundland","landings",1957,138.53932,"t","lob.land.ten"
"Newfoundland","landings",1958,148.65169,"t","lob.land.ten"
"Newfoundland","landings",1959,93.03371,"t","lob.land.ten"
"Newfoundland","landings",1960,147.64044,"t","lob.land.ten"
"Newfoundland","landings",1961,97.07865,"t","lob.land.ten"
"Newfoundland","landings",1962,126.4045,"t","lob.land.ten"
"Newfoundland","landings",1963,126.4045,"t","lob.land.ten"
"Newfoundland","landings",1964,170.89888,"t","lob.land.ten"
"Newfoundland","landings",1965,97.07865,"t","lob.land.ten"
"Newfoundland","landings",1966,92.02247,"t","lob.land.ten"
"Newfoundland","landings",1967,62.69663,"t","lob.land.ten"
"Newfoundland","landings",1968,46.51685,"t","lob.land.ten"
"Newfoundland","landings",1969,64.7191,"t","lob.land.ten"
"Newfoundland","landings",1970,50.5618,"t","lob.land.ten"
"Newfoundland","landings",1971,47.52809,"t","lob.land.ten"
"Newfoundland","landings",1972,51.57303,"t","lob.land.ten"
"Newfoundland","landings",1973,87.97753,"t","lob.land.ten"
"Newfoundland","landings",1974,209.32584,"t","lob.land.ten"
"Newfoundland","landings",1975,267.97754,"t","lob.land.ten"
"Newfoundland","landings",1976,1469.5993,"t","lob.land.eleven , lob.land.sum , lob.land.ten"
"Newfoundland","landings",1977,1403.00434,"t","lob.land.eleven , lob.land.sum , lob.land.ten"
"Newfoundland","landings",1978,1462.86468,"t","lob.land.eleven , lob.land.sum , lob.land.ten"
"Newfoundland","landings",1979,1776.27594,"t","lob.land.eleven , lob.land.sum , lob.land.ten"
"Newfoundland","landings",1980,1690.28034,"t","lob.land.eleven , lob.land.sum , lob.land.ten"
"Newfoundland","landings",1981,1287.09412,"t","lob.land.eleven , lob.land.sum , lob.land.ten"
"Newfoundland","landings",1982,1089.58356,"t","lob.land.eleven , lob.land.sum , lob.land.ten"
"Newfoundland","landings",1983,1370.46002,"t","lob.land.eleven , lob.land.sum , lob.land.ten"
"Newfoundland","landings",1984,1350.40136,"t","lob.land.eleven , lob.land.sum , lob.land.ten"
"Newfoundland","landings",1985,1420.50598,"t","lob.land.eleven , lob.land.sum , lob.land.ten"
"Newfoundland","landings",1986,1342.1504,"t","lob.land.eleven , lob.land.sum , lob.land.ten"
"Newfoundland","landings",1987,1195.87866,"t","lob.land.eleven , lob.land.sum , lob.land.ten"
"Newfoundland","landings",1988,1352.27258,"t","lob.land.eleven , lob.land.sum , lob.land.ten"
"Newfoundland","landings",1989,1442.58674,"t","lob.land.eleven , lob.land.sum , lob.land.ten"
"Newfoundland","landings",1990,1326.92682,"t","lob.land.eleven , lob.land.sum , lob.land.ten"
"Newfoundland","landings",1991,1691.8863,"t","lob.land.eleven , lob.land.sum , lob.land.ten"
"Newfoundland","landings",1992,1862.33802,"t","lob.land.eleven , lob.land.sum , lob.land.ten"
"Newfoundland","landings",1993,1647.9079,"t","lob.land.eleven , lob.land.sum , lob.land.ten"
"Newfoundland","landings",1994,1556.14338,"t","lob.land.eleven , lob.land.sum , lob.land.ten"
"Newfoundland","landings",1995,1541.49884,"t","lob.land.eleven , lob.land.sum , lob.land.ten"
"Newfoundland","landings",1996,1391.0632,"t","lob.land.eleven , lob.land.sum , lob.land.ten"
"Newfoundland","landings",1997,1234.4758,"t","lob.land.eleven , lob.land.sum , lob.land.ten"
"Newfoundland","landings",1998,1375.96836,"t","lob.land.eleven , lob.land.sum , lob.land.ten"
"Newfoundland","landings",1999,1220.53432,"t","lob.land.eleven , lob.land.sum , lob.land.ten"
"Newfoundland","landings",2000,1273.3902,"t","lob.land.eleven , lob.land.sum , lob.land.ten"
"Newfoundland","landings",2001,1417.50614,"t","lob.land.eleven , lob.land.sum , lob.land.ten"
"Newfoundland","landings",2002,1523.78028,"t","lob.land.eleven , lob.land.sum , lob.land.ten"
"Newfoundland","landings",2003,1570.66588,"t","lob.land.eleven , lob.land.sum , lob.land.ten"
"Newfoundland","landings",2004,1555.70626,"t","lob.land.eleven , lob.land.sum , lob.land.ten"
"Newfoundland","landings",2005,1847.4281,"t","lob.land.eleven , lob.land.sum , lob.land.ten"
"Newfoundland","landings",2006,1957.44444,"t","lob.land.eleven , lob.land.sum , lob.land.ten"
"Newfoundland","landings",2007,1888.98576,"t","lob.land.eleven , lob.land.sum , lob.land.ten"
"Newfoundland","landings",2008,2106.86656,"t","lob.land.eleven , lob.land.sum , lob.land.ten"
"Newfoundland","landings",2009,2105.89496,"t","lob.land.eleven , lob.land.sum , lob.land.ten"
"Newfoundland","landings",2010,2344.2629,"t","lob.land.eleven , lob.land.sum , lob.land.ten"
"Newfoundland","landings",2011,1408.563,"t","lob.land.eleven , lob.land.sum , lob.land.ten"
"Nova Scotia","effort",1,1,"#","lob.trap"
"Nova Scotia","effort",1968,799180,"#","lob.trap"
"Nova Scotia","effort",1969,799180,"#","lob.trap"
"Nova Scotia","effort",1970,799180,"#","lob.trap"
"Nova Scotia","effort",1971,799180,"#","lob.trap"
"Nova Scotia","effort",1972,799180,"#","lob.trap"
"Nova Scotia","effort",1973,799180,"#","lob.trap"
"Nova Scotia","effort",1974,799180,"#","lob.trap"
"Nova Scotia","effort",1975,799180,"#","lob.trap"
"Nova Scotia","effort",1976,799180,"#","lob.trap"
"Nova Scotia","effort",1977,799180,"#","lob.trap"
"Nova Scotia","effort",1978,799180,"#","lob.trap"
"Nova Scotia","effort",1979,799180,"#","lob.trap"
"Nova Scotia","effort",1980,807193,"#","lob.trap"
"Nova Scotia","effort",1981,807193,"#","lob.trap"
"Nova Scotia","effort",1982,807193,"#","lob.trap"
"Nova Scotia","effort",1983,807193,"#","lob.trap"
"Nova Scotia","effort",1984,807193,"#","lob.trap"
"Nova Scotia","effort",1985,807193,"#","lob.trap"
"Nova Scotia","effort",1986,807193,"#","lob.trap"
"Nova Scotia","effort",1987,807193,"#","lob.trap"
"Nova Scotia","effort",1988,807193,"#","lob.trap"
"Nova Scotia","effort",1989,807193,"#","lob.trap"
"Nova Scotia","effort",1990,807193,"#","lob.trap"
"Nova Scotia","effort",1991,807193,"#","lob.trap"
"Nova Scotia","effort",1992,807193,"#","lob.trap"
"Nova Scotia","effort",1993,807193,"#","lob.trap"
"Nova Scotia","effort",1994,807193,"#","lob.trap"
"Nova Scotia","effort",1995,807193,"#","lob.trap"
"Nova Scotia","effort",1996,807193,"#","lob.trap"
"Nova Scotia","effort",1997,807193,"#","lob.trap"
"Nova Scotia","effort",1998,807193,"#","lob.trap"
"Nova Scotia","effort",1999,807193,"#","lob.trap"
"Nova Scotia","effort",2000,807193,"#","lob.trap"
"Nova Scotia","effort",2001,807193,"#","lob.trap"
"Nova Scotia","effort",2002,807193,"#","lob.trap"
"Nova Scotia","effort",2003,807193,"#","lob.trap"
"Nova Scotia","effort",2004,807193,"#","lob.trap"
"Nova Scotia","effort",2005,807193,"#","lob.trap"
"Nova Scotia","effort",2006,807193,"#","lob.trap"
"Nova Scotia","effort",2007,807193,"#","lob.trap"
"Nova Scotia","effort",2008,807193,"#","lob.trap"
"Nova Scotia","effort",2009,807193,"#","lob.trap"
"Nova Scotia","effort",2010,807193,"#","lob.trap"
"Nova Scotia","landings",1,1,"t","lob.land"
"Nova Scotia","landings",1950,8198,"t","lob.land"
"Nova Scotia","landings",1951,9119,"t","lob.land"
"Nova Scotia","landings",1952,8774,"t","lob.land"
"Nova Scotia","landings",1953,9276,"t","lob.land"
"Nova Scotia","landings",1954,8667,"t","lob.land"
"Nova Scotia","landings",1955,8414,"t","lob.land"
"Nova Scotia","landings",1956,8143,"t","lob.land"
"Nova Scotia","landings",1957,6397,"t","lob.land"
"Nova Scotia","landings",1958,6025,"t","lob.land"
"Nova Scotia","landings",1959,6400,"t","lob.land"
"Nova Scotia","landings",1960,6738,"t","lob.land"
"Nova Scotia","landings",1961,6241,"t","lob.land"
"Nova Scotia","landings",1962,6715,"t","lob.land"
"Nova Scotia","landings",1963,7108,"t","lob.land"
"Nova Scotia","landings",1964,6673,"t","lob.land"
"Nova Scotia","landings",1965,6120,"t","lob.land"
"Nova Scotia","landings",1966,5441,"t","lob.land"
"Nova Scotia","landings",1967,5080,"t","lob.land"
"Nova Scotia","landings",1968,5506,"t","lob.land"
"Nova Scotia","landings",1969,6816,"t","lob.land"
"Nova Scotia","landings",1970,7399,"t","lob.land"
"Nova Scotia","landings",1971,7061,"t","lob.land"
"Nova Scotia","landings",1972,6409,"t","lob.land"
"Nova Scotia","landings",1973,6591,"t","lob.land"
"Nova Scotia","landings",1974,6010,"t","lob.land"
"Nova Scotia","landings",1975,6211,"t","lob.land"
"Nova Scotia","landings",1976,5605,"t","lob.land"
"Nova Scotia","landings",1977,5360,"t","lob.land"
"Nova Scotia","landings",1978,4505,"t","lob.land"
"Nova Scotia","landings",1979,5254,"t","lob.land"
"Nova Scotia","landings",1980,5059,"t","lob.land"
"Nova Scotia","landings",1981,5556,"t","lob.land"
"Nova Scotia","landings",1982,6363,"t","lob.land"
"Nova Scotia","landings",1983,7758,"t","lob.land"
"Nova Scotia","landings",1984,8876,"t","lob.land"
"Nova Scotia","landings",1985,10679,"t","lob.land"
"Nova Scotia","landings",1986,13284,"t","lob.land"
"Nova Scotia","landings",1987,15087,"t","lob.land"
"Nova Scotia","landings",1988,15953,"t","lob.land"
"Nova Scotia","landings",1989,15959,"t","lob.land"
"Nova Scotia","landings",1990,17177,"t","lob.land"
"Nova Scotia","landings",1991,19030,"t","lob.land"
"Nova Scotia","landings",1992,15497,"t","lob.land"
"Nova Scotia","landings",1993,14871,"t","lob.land"
"Nova Scotia","landings",1994,16258,"t","lob.land"
"Nova Scotia","landings",1995,15185,"t","lob.land"
"Nova Scotia","landings",1996,15881,"t","lob.land"
"Nova Scotia","landings",1997,16317,"t","lob.land"
"Nova Scotia","landings",1998,18274,"t","lob.land"
"Nova Scotia","landings",1999,19813,"t","lob.land"
"Nova Scotia","landings",2000,20797,"t","lob.land"
"Nova Scotia","landings",2001,24820,"t","lob.land"
"Nova Scotia","landings",2002,27658,"t","lob.land"
"Nova Scotia","landings",2003,26161,"t","lob.land"
"Nova Scotia","landings",2004,26271,"t","lob.land"
"Nova Scotia","landings",2005,26969,"t","lob.land"
"Nova Scotia","landings",2006,28688,"t","lob.land"
"Nova Scotia","landings",2007,29117,"t","lob.land"
"Nova Scotia","landings",2008,30997,"t","lob.land"
"Nova Scotia","landings",2009,32744,"t","lob.land"
"Nova Scotia","landings",2010,34769,"t","lob.land"
"Nova Scotia","trawlsurvey",1999,2.212663027,"#/tow, kg/tow","lob.abund , lob.bio"
"Nova Scotia","trawlsurvey",2000,1.043974044,"#/tow, kg/tow","lob.abund , lob.bio"
"Nova Scotia","trawlsurvey",2001,2.264733276,"#/tow, kg/tow","lob.abund , lob.bio"
"Nova Scotia","trawlsurvey",2002,3.158869798,"#/tow, kg/tow","lob.abund , lob.bio"
"Nova Scotia","trawlsurvey",2003,7.301238857,"#/tow, kg/tow","lob.abund , lob.bio"
"Nova Scotia","trawlsurvey",2004,4.493528714,"#/tow, kg/tow","lob.abund , lob.bio"
"Nova Scotia","trawlsurvey",2005,2.19541189,"#/tow, kg/tow","lob.abund , lob.bio"
"Nova Scotia","trawlsurvey",2006,4.410042935,"#/tow, kg/tow","lob.abund , lob.bio"
"Nova Scotia","trawlsurvey",2007,2.309196199,"#/tow, kg/tow","lob.abund , lob.bio"
"Nova Scotia","trawlsurvey",2008,4.117643149,"#/tow, kg/tow","lob.abund , lob.bio"
"Nova Scotia","trawlsurvey",2009,5.381291364,"#/tow, kg/tow","lob.abund , lob.bio"
"Nova Scotia","trawlsurvey",2010,3.480359867,"#/tow, kg/tow","lob.abund , lob.bio"
"Rhode Island","landings",1950,115.3,"t","lob.land.nmfs"
"Rhode Island","landings",1951,96.2,"t","lob.land.nmfs"
"Rhode Island","landings",1952,41.7,"t","lob.land.nmfs"
"Rhode Island","landings",1953,60.1,"t","lob.land.nmfs"
"Rhode Island","landings",1954,146.3,"t","lob.land.nmfs"
"Rhode Island","landings",1955,131.4,"t","lob.land.nmfs"
"Rhode Island","landings",1956,108.9,"t","lob.land.nmfs"
"Rhode Island","landings",1957,126.2,"t","lob.land.nmfs"
"Rhode Island","landings",1958,145.2,"t","lob.land.nmfs"
"Rhode Island","landings",1959,201.8,"t","lob.land.nmfs"
"Rhode Island","landings",1960,257.5,"t","lob.land.nmfs"
"Rhode Island","landings",1961,308.6,"t","lob.land.nmfs"
"Rhode Island","landings",1962,261,"t","lob.land.nmfs"
"Rhode Island","landings",1963,268.6,"t","lob.land.nmfs"
"Rhode Island","landings",1964,452,"t","lob.land.nmfs"
"Rhode Island","landings",1965,816.5,"t","lob.land.nmfs"
"Rhode Island","landings",1966,758.6,"t","lob.land.nmfs"
"Rhode Island","landings",1967,884.9,"t","lob.land.nmfs"
"Rhode Island","landings",1968,1393.8,"t","lob.land.nmfs"
"Rhode Island","landings",1969,1926.1,"t","lob.land.nmfs"
"Rhode Island","landings",1970,2356.6,"t","lob.land.nmfs"
"Rhode Island","landings",1971,2444.3,"t","lob.land.nmfs"
"Rhode Island","landings",1972,1524.4,"t","lob.land.nmfs"
"Rhode Island","landings",1973,1257.9,"t","lob.land.nmfs"
"Rhode Island","landings",1974,1549.9,"t","lob.land.nmfs"
"Rhode Island","landings",1975,1672.5,"t","lob.land.nmfs"
"Rhode Island","landings",1976,1548,"t","lob.land.nmfs"
"Rhode Island","landings",1977,1583.8,"t","lob.land.nmfs"
"Rhode Island","landings",1978,1280.1,"t","lob.land.nmfs"
"Rhode Island","landings",1979,1038.3,"t","lob.land.nmfs"
"Rhode Island","landings",1980,1086.5,"t","lob.land.nmfs"
"Rhode Island","landings",1981,848.8,"t","lob.land.nmfs"
"Rhode Island","landings",1982,1439.6,"t","lob.land.nmfs"
"Rhode Island","landings",1983,2319.9,"t","lob.land.nmfs"
"Rhode Island","landings",1984,2385.9,"t","lob.land.nmfs"
"Rhode Island","landings",1985,2331.5,"t","lob.land.nmfs"
"Rhode Island","landings",1986,2570.9,"t","lob.land.nmfs"
"Rhode Island","landings",1987,2411.8,"t","lob.land.nmfs"
"Rhode Island","landings",1988,2158.7,"t","lob.land.nmfs"
"Rhode Island","landings",1989,2597.2,"t","lob.land.nmfs"
"Rhode Island","landings",1990,3292.3,"t","lob.land.nmfs"
"Rhode Island","landings",1991,3377.1,"t","lob.land.nmfs"
"Rhode Island","landings",1992,3067.7,"t","lob.land.nmfs"
"Rhode Island","landings",1993,2825.2,"t","lob.land.nmfs"
"Rhode Island","landings",1994,2936.8,"t","lob.land.nmfs"
"Rhode Island","landings",1995,2432.2,"t","lob.land.nmfs"
"Rhode Island","landings",1996,2402.2,"t","lob.land.nmfs"
"Rhode Island","landings",1997,2630.2,"t","lob.land.nmfs"
"Rhode Island","landings",1998,2548.3,"t","lob.land.nmfs"
"Rhode Island","landings",1999,3699.5,"t","lob.land.nmfs"
"Rhode Island","landings",2000,3133.2,"t","lob.land.nmfs"
"Rhode Island","landings",2001,2019.6,"t","lob.land.nmfs"
"Rhode Island","landings",2002,1739.6,"t","lob.land.nmfs"
"Rhode Island","landings",2003,1576,"t","lob.land.nmfs"
"Rhode Island","landings",2004,1390,"t","lob.land.nmfs"
"Rhode Island","landings",2005,1970.3,"t","lob.land.nmfs"
"Rhode Island","landings",2006,1700.7,"t","lob.land.nmfs"
"Rhode Island","landings",2007,1040.3,"t","lob.land.nmfs"
"Rhode Island","landings",2008,1257.2,"t","lob.land.nmfs"
"Rhode Island","landings",2009,1288.3,"t","lob.land.nmfs"
"Rhode Island","landings",2010,1328.5,"t","lob.land.nmfs"
"Rhode Island","landings",2011,1249.2,"t","lob.land.nmfs"
"Rhode Island","landings",2012,1219.6,"t","lob.land.nmfs"
"Rhode Island","stockassessment",1,2,"#/tow, #","lob.abund , lob.trap"
"Rhode Island","stockassessment",1981,105511.41,"#/tow, #","lob.abund , lob.trap"
"Rhode Island","stockassessment",1982,102932.275,"#/tow, #","lob.abund , lob.trap"
"Rhode Island","stockassessment",1983,126111.245,"#/tow, #","lob.abund , lob.trap"
"Rhode Island","stockassessment",1984,193384.6,"#/tow, #","lob.abund , lob.trap"
"Rhode Island","stockassessment",1985,209550.9,"#/tow, #","lob.abund , lob.trap"
"Rhode Island","stockassessment",1986,202414.94,"#/tow, #","lob.abund , lob.trap"
"Rhode Island","stockassessment",1987,210898.14,"#/tow, #","lob.abund , lob.trap"
"Rhode Island","stockassessment",1988,244562.095,"#/tow, #","lob.abund , lob.trap"
"Rhode Island","stockassessment",1989,289943.34,"#/tow, #","lob.abund , lob.trap"
"Rhode Island","stockassessment",1990,291637.445,"#/tow, #","lob.abund , lob.trap"
"Rhode Island","stockassessment",1991,316500.84,"#/tow, #","lob.abund , lob.trap"
"Rhode Island","stockassessment",1992,353740.805,"#/tow, #","lob.abund , lob.trap"
"Rhode Island","stockassessment",1993,414971.08,"#/tow, #","lob.abund , lob.trap"
"Rhode Island","stockassessment",1994,451705.2,"#/tow, #","lob.abund , lob.trap"
"Rhode Island","stockassessment",1995,443842.125,"#/tow, #","lob.abund , lob.trap"
"Rhode Island","stockassessment",1996,516499.23,"#/tow, #","lob.abund , lob.trap"
"Rhode Island","stockassessment",1997,546363.275,"#/tow, #","lob.abund , lob.trap"
"Rhode Island","stockassessment",1998,588429.835,"#/tow, #","lob.abund , lob.trap"
"Rhode Island","stockassessment",1999,577870.96,"#/tow, #","lob.abund , lob.trap"
"Rhode Island","stockassessment",2000,170620.32,"#/tow, #","lob.abund , lob.trap"
"Rhode Island","stockassessment",2001,173141.305,"#/tow, #","lob.abund , lob.trap"
"Rhode Island","stockassessment",2002,152026.745,"#/tow, #","lob.abund , lob.trap"
"Rhode Island","stockassessment",2003,133689.4,"#/tow, #","lob.abund , lob.trap"
"Rhode Island","stockassessment",2004,128084.665,"#/tow, #","lob.abund , lob.trap"
"Rhode Island","stockassessment",2005,117616.965,"#/tow, #","lob.abund , lob.trap"
"Rhode Island","stockassessment",2006,120250.46,"#/tow, #","lob.abund , lob.trap"
"Rhode Island","stockassessment",2007,130560.575,"#/tow, #","lob.abund , lob.trap"
"Rhode Island","trawlsurvey",1959,0.665277778,"#/tow","lob.abund.fox , lob.abund.whale"
"Rhode Island","trawlsurvey",1960,1.169444444,"#/tow","lob.abund.fox , lob.abund.whale"
"Rhode Island","trawlsurvey",1961,0.929166666,"#/tow","lob.abund.fox , lob.abund.whale"
"Rhode Island","trawlsurvey",1962,1.548611111,"#/tow","lob.abund.fox , lob.abund.whale"
"Rhode Island","trawlsurvey",1963,1.725,"#/tow","lob.abund.fox , lob.abund.whale"
"Rhode Island","trawlsurvey",1964,2.527777777,"#/tow","lob.abund.fox , lob.abund.whale"
"Rhode Island","trawlsurvey",1965,3.454166666,"#/tow","lob.abund.fox , lob.abund.whale"
"Rhode Island","trawlsurvey",1966,22.837499999,"#/tow","lob.abund.fox , lob.abund.whale"
"Rhode Island","trawlsurvey",1967,15.434722218,"#/tow","lob.abund.fox , lob.abund.whale"
"Rhode Island","trawlsurvey",1968,34.680555559,"#/tow","lob.abund.fox , lob.abund.whale"
"Rhode Island","trawlsurvey",1969,20.815277774,"#/tow","lob.abund.fox , lob.abund.whale"
"Rhode Island","trawlsurvey",1970,14.315277777,"#/tow","lob.abund.fox , lob.abund.whale"
"Rhode Island","trawlsurvey",1971,15.802777782,"#/tow","lob.abund.fox , lob.abund.whale"
"Rhode Island","trawlsurvey",1972,19.158333334,"#/tow","lob.abund.fox , lob.abund.whale"
"Rhode Island","trawlsurvey",1973,50.977777781,"#/tow","lob.abund.fox , lob.abund.whale"
"Rhode Island","trawlsurvey",1974,47.784722221,"#/tow","lob.abund.fox , lob.abund.whale"
"Rhode Island","trawlsurvey",1975,34.233333336,"#/tow","lob.abund.fox , lob.abund.whale"
"Rhode Island","trawlsurvey",1976,14.273611109,"#/tow","lob.abund.fox , lob.abund.whale"
"Rhode Island","trawlsurvey",1977,6.809722223,"#/tow","lob.abund.fox , lob.abund.whale"
"Rhode Island","trawlsurvey",1978,7.153968254,"#/tow","lob.abund.fox , lob.abund.whale"
"Rhode Island","trawlsurvey",1979,6.958589533,"#/tow, kg/tow","lob.abund.fox , lob.abund.ridem , lob.abund.whale , lob.bio.ridem"
"Rhode Island","trawlsurvey",1980,9.3067355775,"#/tow, kg/tow","lob.abund.fox , lob.abund.ridem , lob.abund.whale , lob.bio.ridem"
"Rhode Island","trawlsurvey",1981,19.499138676,"#/tow, kg/tow","lob.abund.fox , lob.abund.ridem , lob.abund.whale , lob.bio.ridem"
"Rhode Island","trawlsurvey",1982,12.768654141,"#/tow, kg/tow","lob.abund.fox , lob.abund.ridem , lob.abund.whale , lob.bio.ridem"
"Rhode Island","trawlsurvey",1983,7.00276749,"#/tow, kg/tow","lob.abund.fox , lob.abund.ridem , lob.abund.whale , lob.bio.ridem"
"Rhode Island","trawlsurvey",1984,14.27735891,"#/tow, kg/tow","lob.abund.fox , lob.abund.ridem , lob.abund.whale , lob.bio.ridem"
"Rhode Island","trawlsurvey",1985,15.395281479,"#/tow, kg/tow","lob.abund.fox , lob.abund.ridem , lob.abund.whale , lob.bio.ridem"
"Rhode Island","trawlsurvey",1986,19.274996663,"#/tow, kg/tow","lob.abund.fox , lob.abund.ridem , lob.abund.whale , lob.bio.ridem"
"Rhode Island","trawlsurvey",1987,25.6536793015,"#/tow, kg/tow","lob.abund.fox , lob.abund.ridem , lob.abund.whale , lob.bio.ridem"
"Rhode Island","trawlsurvey",1988,34.337995845,"#/tow, kg/tow","lob.abund.fox , lob.abund.ridem , lob.abund.whale , lob.bio.ridem"
"Rhode Island","trawlsurvey",1989,62.7591666615,"#/tow, kg/tow","lob.abund.fox , lob.abund.ridem , lob.abund.whale , lob.bio.ridem"
"Rhode Island","trawlsurvey",1990,66.970396826,"#/tow, kg/tow","lob.abund.fox , lob.abund.ridem , lob.abund.whale , lob.bio.ridem"
"Rhode Island","trawlsurvey",1991,67.0426997655,"#/tow, kg/tow","lob.abund.fox , lob.abund.ridem , lob.abund.whale , lob.bio.ridem"
"Rhode Island","trawlsurvey",1992,65.375095239,"#/tow, kg/tow","lob.abund.fox , lob.abund.ridem , lob.abund.whale , lob.bio.ridem"
"Rhode Island","trawlsurvey",1993,88.4490516585,"#/tow, kg/tow","lob.abund.fox , lob.abund.ridem , lob.abund.whale , lob.bio.ridem"
"Rhode Island","trawlsurvey",1994,58.434446424,"#/tow, kg/tow","lob.abund.fox , lob.abund.ridem , lob.abund.whale , lob.bio.ridem"
"Rhode Island","trawlsurvey",1995,67.1573809505,"#/tow, kg/tow","lob.abund.fox , lob.abund.ridem , lob.abund.whale , lob.bio.ridem"
"Rhode Island","trawlsurvey",1996,123.765854977,"#/tow, kg/tow","lob.abund.fox , lob.abund.ridem , lob.abund.whale , lob.bio.ridem"
"Rhode Island","trawlsurvey",1997,90.054107148,"#/tow, kg/tow","lob.abund.fox , lob.abund.ridem , lob.abund.whale , lob.bio.ridem"
"Rhode Island","trawlsurvey",1998,78.179213123,"#/tow, kg/tow","lob.abund.fox , lob.abund.ridem , lob.abund.whale , lob.bio.ridem"
"Rhode Island","trawlsurvey",1999,50.652521389,"#/tow, kg/tow","lob.abund.fox , lob.abund.ridem , lob.abund.whale , lob.bio.ridem"
"Rhode Island","trawlsurvey",2000,37.784570464,"#/tow, kg/tow","lob.abund.fox , lob.abund.ridem , lob.abund.whale , lob.bio.ridem"
"Rhode Island","trawlsurvey",2001,38.4390846235,"#/tow, kg/tow","lob.abund.fox , lob.abund.ridem , lob.abund.whale , lob.bio.ridem"
"Rhode Island","trawlsurvey",2002,28.850945125,"#/tow, kg/tow","lob.abund.fox , lob.abund.ridem , lob.abund.whale , lob.bio.ridem"
"Rhode Island","trawlsurvey",2003,15.9584107615,"#/tow, kg/tow","lob.abund.fox , lob.abund.ridem , lob.abund.whale , lob.bio.ridem"
"Rhode Island","trawlsurvey",2004,21.97041774,"#/tow, kg/tow","lob.abund.fox , lob.abund.ridem , lob.abund.whale , lob.bio.ridem"
"Rhode Island","trawlsurvey",2005,30.388827381,"#/tow, kg/tow","lob.abund.fox , lob.abund.ridem , lob.abund.whale , lob.bio.ridem"
"Rhode Island","trawlsurvey",2006,13.0928571405,"#/tow, kg/tow","lob.abund.ridem , lob.bio.ridem"
"s Gulf St Lawrence","effort",1,1,"#","lob.trap"
"s Gulf St Lawrence","effort",1967,1095685,"#","lob.trap"
"s Gulf St Lawrence","effort",1968,1095685,"#","lob.trap"
"s Gulf St Lawrence","effort",1969,1095685,"#","lob.trap"
"s Gulf St Lawrence","effort",1970,1095685,"#","lob.trap"
"s Gulf St Lawrence","effort",1971,1095685,"#","lob.trap"
"s Gulf St Lawrence","effort",1972,1095685,"#","lob.trap"
"s Gulf St Lawrence","effort",1973,1095685,"#","lob.trap"
"s Gulf St Lawrence","effort",1974,1095685,"#","lob.trap"
"s Gulf St Lawrence","effort",1975,1095685,"#","lob.trap"
"s Gulf St Lawrence","effort",1976,1095685,"#","lob.trap"
"s Gulf St Lawrence","effort",1977,1095685,"#","lob.trap"
"s Gulf St Lawrence","effort",1978,1095685,"#","lob.trap"
"s Gulf St Lawrence","effort",1979,1095685,"#","lob.trap"
"s Gulf St Lawrence","effort",1980,1095685,"#","lob.trap"
"s Gulf St Lawrence","effort",1981,1095685,"#","lob.trap"
"s Gulf St Lawrence","effort",1982,1095685,"#","lob.trap"
"s Gulf St Lawrence","effort",1983,1095685,"#","lob.trap"
"s Gulf St Lawrence","effort",1984,1095685,"#","lob.trap"
"s Gulf St Lawrence","effort",1985,1095685,"#","lob.trap"
"s Gulf St Lawrence","effort",1986,1095685,"#","lob.trap"
"s Gulf St Lawrence","effort",1987,1095685,"#","lob.trap"
"s Gulf St Lawrence","effort",1988,1095685,"#","lob.trap"
"s Gulf St Lawrence","effort",1989,1095685,"#","lob.trap"
"s Gulf St Lawrence","effort",1990,1095685,"#","lob.trap"
"s Gulf St Lawrence","effort",1991,1095685,"#","lob.trap"
"s Gulf St Lawrence","effort",1992,1095685,"#","lob.trap"
"s Gulf St Lawrence","effort",1993,1095685,"#","lob.trap"
"s Gulf St Lawrence","effort",1994,1095685,"#","lob.trap"
"s Gulf St Lawrence","effort",1995,1095685,"#","lob.trap"
"s Gulf St Lawrence","effort",1996,1095685,"#","lob.trap"
"s Gulf St Lawrence","effort",1997,1095685,"#","lob.trap"
"s Gulf St Lawrence","effort",1998,1077420,"#","lob.trap"
"s Gulf St Lawrence","effort",1999,1059155,"#","lob.trap"
"s Gulf St Lawrence","effort",2000,1040890,"#","lob.trap"
"s Gulf St Lawrence","effort",2001,1040890,"#","lob.trap"
"s Gulf St Lawrence","effort",2002,1040890,"#","lob.trap"
"s Gulf St Lawrence","effort",2003,1040890,"#","lob.trap"
"s Gulf St Lawrence","effort",2004,1040890,"#","lob.trap"
"s Gulf St Lawrence","effort",2005,1040890,"#","lob.trap"
"s Gulf St Lawrence","effort",2006,1040890,"#","lob.trap"
"s Gulf St Lawrence","effort",2007,1040890,"#","lob.trap"
"s Gulf St Lawrence","effort",2008,1040890,"#","lob.trap"
"s Gulf St Lawrence","effort",2009,1040890,"#","lob.trap"
"s Gulf St Lawrence","effort",2010,1040890,"#","lob.trap"
"s Gulf St Lawrence","landings",1,1,"t","lob.land"
"s Gulf St Lawrence","landings",1984,13916.6,"t","lob.land"
"s Gulf St Lawrence","landings",1985,15934.6,"t","lob.land"
"s Gulf St Lawrence","landings",1986,18274.8,"t","lob.land"
"s Gulf St Lawrence","landings",1987,19301.6,"t","lob.land"
"s Gulf St Lawrence","landings",1988,20192.7,"t","lob.land"
"s Gulf St Lawrence","landings",1989,21556,"t","lob.land"
"s Gulf St Lawrence","landings",1990,22226.7,"t","lob.land"
"s Gulf St Lawrence","landings",1991,21575.9,"t","lob.land"
"s Gulf St Lawrence","landings",1992,19566.8,"t","lob.land"
"s Gulf St Lawrence","landings",1993,19727.7,"t","lob.land"
"s Gulf St Lawrence","landings",1994,18217.7,"t","lob.land"
"s Gulf St Lawrence","landings",1995,18352,"t","lob.land"
"s Gulf St Lawrence","landings",1996,17612.4,"t","lob.land"
"s Gulf St Lawrence","landings",1997,16901.6,"t","lob.land"
"s Gulf St Lawrence","landings",1998,18044.1,"t","lob.land"
"s Gulf St Lawrence","landings",1999,17427.7,"t","lob.land"
"s Gulf St Lawrence","landings",2000,17790.1,"t","lob.land"
"s Gulf St Lawrence","landings",2001,17677.8,"t","lob.land"
"s Gulf St Lawrence","landings",2002,17745.4,"t","lob.land"
"s Gulf St Lawrence","landings",2003,17021.8,"t","lob.land"
"s Gulf St Lawrence","landings",2004,16375.4,"t","lob.land"
"s Gulf St Lawrence","landings",2005,15589.8,"t","lob.land"
"s Gulf St Lawrence","landings",2006,17279.3,"t","lob.land"
"s Gulf St Lawrence","landings",2007,16896.4,"t","lob.land"
"s Gulf St Lawrence","landings",2008,18129.1,"t","lob.land"
"s Gulf St Lawrence","landings",2009,19762.7,"t","lob.land"
"s Gulf St Lawrence","landings",2010,20963.7,"t","lob.land"
"s Gulf St Lawrence","landings",2011,19130.9,"t","lob.land"
"s New England","landings",1981,1842,"t","lob.land.state"
"s New England","landings",1982,2680,"t","lob.land.state"
"s New England","landings",1983,3788,"t","lob.land.state"
"s New England","landings",1984,4254,"t","lob.land.state"
"s New England","landings",1985,3961,"t","lob.land.state"
"s New England","landings",1986,4383,"t","lob.land.state"
"s New England","landings",1987,4457,"t","lob.land.state"
"s New England","landings",1988,4752,"t","lob.land.state"
"s New England","landings",1989,5940,"t","lob.land.state"
"s New England","landings",1990,7620,"t","lob.land.state"
"s New England","landings",1991,7086,"t","lob.land.state"
"s New England","landings",1992,6233,"t","lob.land.state"
"s New England","landings",1993,6008,"t","lob.land.state"
"s New England","landings",1994,6774,"t","lob.land.state"
"s New England","landings",1995,8004,"t","lob.land.state"
"s New England","landings",1996,9388,"t","lob.land.state"
"s New England","landings",1997,9935,"t","lob.land.state"
"s New England","landings",1998,9376,"t","lob.land.state"
"s New England","landings",1999,9013,"t","lob.land.state"
"s New England","landings",2000,6073,"t","lob.land.state"
"s New England","landings",2001,4465,"t","lob.land.state"
"s New England","landings",2002,3652,"t","lob.land.state"
"s New England","landings",2003,2554,"t","lob.land.state"
"s New England","landings",2004,2484,"t","lob.land.state"
"s New England","landings",2005,2601,"t","lob.land.state"
"s New England","landings",2006,2989,"t","lob.land.state"
"s New England","landings",2007,2435,"t","lob.land.state"
"s New England","stockassessment",1,3,"Million, #","lob.abund , lob.trap"
"s New England","stockassessment",1981,105505,"#","lob.trap"
"s New England","stockassessment",1982,22405951,"Million, #","lob.abund , lob.trap"
"s New England","stockassessment",1983,22728249,"Million, #","lob.abund , lob.trap"
"s New England","stockassessment",1984,29397460.6250545,"Million, kg/trap, #","lob.abund , lob.cpue , lob.trap"
"s New England","stockassessment",1985,36801484.8795796,"Million, kg/trap, #","lob.abund , lob.cpue , lob.trap"
"s New England","stockassessment",1986,37201331.2916667,"Million, kg/trap, #","lob.abund , lob.cpue , lob.trap"
"s New England","stockassessment",1987,41416113.3550372,"Million, kg/trap, #","lob.abund , lob.cpue , lob.trap"
"s New England","stockassessment",1988,45330651.6537459,"Million, kg/trap, #","lob.abund , lob.cpue , lob.trap"
"s New England","stockassessment",1989,50738371.9072294,"Million, kg/trap, #","lob.abund , lob.cpue , lob.trap"
"s New England","stockassessment",1990,55958255.0374343,"Million, kg/trap, #","lob.abund , lob.cpue , lob.trap"
"s New England","stockassessment",1991,51359067.0219215,"Million, kg/trap, #","lob.abund , lob.cpue , lob.trap"
"s New England","stockassessment",1992,47060929.3050583,"Million, kg/trap, #","lob.abund , lob.cpue , lob.trap"
"s New England","stockassessment",1993,53029167.1498361,"Million, kg/trap, #","lob.abund , lob.cpue , lob.trap"
"s New England","stockassessment",1994,63417907.035368,"Million, kg/trap, #","lob.abund , lob.cpue , lob.trap"
"s New England","stockassessment",1995,70066246.951655,"Million, kg/trap, #","lob.abund , lob.cpue , lob.trap"
"s New England","stockassessment",1996,73672899.9979215,"Million, kg/trap, #","lob.abund , lob.cpue , lob.trap"
"s New England","stockassessment",1997,73972760.3975806,"Million, kg/trap, #","lob.abund , lob.cpue , lob.trap"
"s New England","stockassessment",1998,72241433.8118053,"Million, kg/trap, #","lob.abund , lob.cpue , lob.trap"
"s New England","stockassessment",1999,67334476.2216886,"Million, kg/trap, #","lob.abund , lob.cpue , lob.trap"
"s New England","stockassessment",2000,54889585.0881658,"Million, kg/trap, #","lob.abund , lob.cpue , lob.trap"
"s New England","stockassessment",2001,42390466.7912987,"Million, kg/trap, #","lob.abund , lob.cpue , lob.trap"
"s New England","stockassessment",2002,33459711.2431035,"Million, kg/trap, #","lob.abund , lob.cpue , lob.trap"
"s New England","stockassessment",2003,25914787.7814397,"Million, kg/trap, #","lob.abund , lob.cpue , lob.trap"
"s New England","stockassessment",2004,27961873,"Million, #","lob.abund , lob.trap"
"s New England","stockassessment",2005,30848362,"Million, #","lob.abund , lob.trap"
"s New England","stockassessment",2006,29168032,"Million, #","lob.abund , lob.trap"
"s New England","stockassessment",2007,28707695,"Million, #","lob.abund , lob.trap"
"s New England","trawlsurvey",1,2,"#/tow","lob.abund"
"s New England","trawlsurvey",1967,7e-04,"kg/tow","lob.bio"
"s New England","trawlsurvey",1968,0.0011,"kg/tow","lob.bio"
"s New England","trawlsurvey",1969,0.0012,"kg/tow","lob.bio"
"s New England","trawlsurvey",1970,5e-04,"kg/tow","lob.bio"
"s New England","trawlsurvey",1971,6e-04,"kg/tow","lob.bio"
"s New England","trawlsurvey",1972,0.0017,"kg/tow","lob.bio"
"s New England","trawlsurvey",1973,9e-04,"kg/tow","lob.bio"
"s New England","trawlsurvey",1974,4e-04,"kg/tow","lob.bio"
"s New England","trawlsurvey",1975,9e-04,"kg/tow","lob.bio"
"s New England","trawlsurvey",1976,3e-04,"kg/tow","lob.bio"
"s New England","trawlsurvey",1977,4e-04,"kg/tow","lob.bio"
"s New England","trawlsurvey",1978,4e-04,"kg/tow","lob.bio"
"s New England","trawlsurvey",1979,4e-04,"kg/tow","lob.bio"
"s New England","trawlsurvey",1980,4e-04,"kg/tow","lob.bio"
"s New England","trawlsurvey",1981,8e-04,"kg/tow","lob.bio"
"s New England","trawlsurvey",1982,22303020.0005,"#/tow, kg/tow","lob.abund , lob.bio"
"s New England","trawlsurvey",1983,22602140.0004,"#/tow, kg/tow","lob.abund , lob.bio"
"s New England","trawlsurvey",1984,29204060.0006,"#/tow, kg/tow","lob.abund , lob.bio"
"s New England","trawlsurvey",1985,36591920.0005,"#/tow, kg/tow","lob.abund , lob.bio"
"s New England","trawlsurvey",1986,36998900.0004,"#/tow, kg/tow","lob.abund , lob.bio"
"s New England","trawlsurvey",1987,41205200.0004,"#/tow, kg/tow","lob.abund , lob.bio"
"s New England","trawlsurvey",1988,45086080.0004,"#/tow, kg/tow","lob.abund , lob.bio"
"s New England","trawlsurvey",1989,50448420.0006,"#/tow, kg/tow","lob.abund , lob.bio"
"s New England","trawlsurvey",1990,55666600.0006,"#/tow, kg/tow","lob.abund , lob.bio"
"s New England","trawlsurvey",1991,51042560.0005,"#/tow, kg/tow","lob.abund , lob.bio"
"s New England","trawlsurvey",1992,46707180.0007,"#/tow, kg/tow","lob.abund , lob.bio"
"s New England","trawlsurvey",1993,52614200.0004,"#/tow, kg/tow","lob.abund , lob.bio"
"s New England","trawlsurvey",1994,62966200.0002,"#/tow, kg/tow","lob.abund , lob.bio"
"s New England","trawlsurvey",1995,69622400.0004,"#/tow, kg/tow","lob.abund , lob.bio"
"s New England","trawlsurvey",1996,73156400.0009,"#/tow, kg/tow","lob.abund , lob.bio"
"s New England","trawlsurvey",1997,73426400.0007,"#/tow, kg/tow","lob.abund , lob.bio"
"s New England","trawlsurvey",1998,71653000.0006,"#/tow, kg/tow","lob.abund , lob.bio"
"s New England","trawlsurvey",1999,66756600.0003,"#/tow, kg/tow","lob.abund , lob.bio"
"s New England","trawlsurvey",2000,54486260.0005,"#/tow, kg/tow","lob.abund , lob.bio"
"s New England","trawlsurvey",2001,42011880.0003,"#/tow, kg/tow","lob.abund , lob.bio"
"s New England","trawlsurvey",2002,33105260.0002,"#/tow, kg/tow","lob.abund , lob.bio"
"s New England","trawlsurvey",2003,25665080.0003,"#/tow, kg/tow","lob.abund , lob.bio"
"s New England","trawlsurvey",2004,27720260.0002,"#/tow, kg/tow","lob.abund , lob.bio"
"s New England","trawlsurvey",2005,30630820.0003,"#/tow, kg/tow","lob.abund , lob.bio"
"s New England","trawlsurvey",2006,28935320.0003,"#/tow, kg/tow","lob.abund , lob.bio"
"s New England","trawlsurvey",2007,28494080.0002,"#/tow, kg/tow","lob.abund , lob.bio"
